customer.id,Auto,Clothing & Accessories,Electronics,Furniture,Grocery,Housewares,Patio & Garden,Personal Care,Pharmacy & Health,Sports & Outdoors,Toys & Games
1,195,50,159,83,92,57,112,38,93,192,113
2,188,42,156,91,88,55,100,48,100,182,118
3,196,45,149,73,85,62,91,40,81,193,129
4,203,51,127,70,96,55,87,31,100,190,123
5,105,99,92,107,107,128,90,104,100,91,98
6,199,46,157,59,102,66,90,42,97,205,111
7,102,101,91,96,112,76,97,91,104,91,91
8,200,45,153,66,88,60,104,43,96,181,138
9,120,107,101,90,108,100,105,91,84,92,112
10,91,97,82,106,86,97,103,97,109,99,97
11,96,101,101,92,97,105,111,95,118,92,111
12,184,53,143,81,103,54,99,39,86,194,116
13,204,48,133,66,80,47,115,41,77,200,111
14,99,108,111,99,114,86,117,98,122,105,97
15,97,94,97,104,101,105,86,99,111,94,85
16,105,125,101,98,98,107,106,110,92,110,98
17,188,44,150,81,86,62,100,37,93,191,120
18,197,55,148,59,110,59,108,45,85,161,111
19,95,102,89,85,105,83,90,89,89,105,91
20,205,46,127,71,89,52,95,44,78,182,113
21,91,99,95,128,93,100,78,98,102,103,91
22,187,44,131,72,81,50,97,40,87,188,131
23,191,60,148,63,98,58,90,35,87,163,99
24,201,46,148,53,85,64,107,49,100,193,105
25,104,102,119,89,103,97,98,102,105,87,102
26,115,123,105,109,97,99,91,92,96,100,112
27,98,93,108,105,102,93,93,93,104,100,105
28,192,45,160,73,79,58,94,45,83,166,104
29,193,53,151,82,79,49,106,41,74,185,139
30,191,60,153,67,75,74,93,32,91,153,107
31,184,44,163,81,89,50,99,42,98,168,123
32,212,49,162,83,104,45,77,45,82,160,115
33,210,45,161,75,86,54,97,37,87,167,116
34,104,86,102,94,108,115,91,91,122,92,96
35,200,45,150,66,117,61,84,43,93,167,87
36,111,100,104,115,89,101,108,114,102,101,80
37,187,51,141,63,92,61,103,32,102,173,110
38,80,99,118,96,90,99,98,119,111,95,90
39,220,41,166,69,76,59,101,33,84,175,138
40,86,113,100,113,111,98,110,106,106,89,106
41,110,77,97,120,115,89,96,102,102,107,102
42,93,89,91,102,94,103,118,96,96,107,99
43,184,53,170,68,80,68,101,34,87,196,126
44,78,102,94,108,108,90,100,100,112,105,95
45,215,58,165,86,101,72,100,36,89,178,108
46,115,94,93,100,97,80,106,95,107,82,104
47,99,102,116,121,78,102,106,84,98,91,88
48,94,101,112,90,94,109,82,118,87,87,94
49,81,98,100,101,95,104,101,95,89,108,107
50,98,104,107,76,82,109,101,100,101,100,103
51,100,109,91,107,102,102,105,109,89,106,96
52,85,118,92,106,104,95,99,104,102,100,97
53,95,84,100,108,78,89,91,85,105,85,102
54,207,59,147,64,85,59,97,50,69,192,118
55,113,105,97,116,94,92,107,112,111,110,101
56,88,105,110,117,91,113,113,99,79,98,118
57,214,57,147,64,73,70,95,38,96,178,128
58,201,51,148,74,91,48,100,39,92,174,132
59,208,51,139,72,92,69,106,40,93,145,135
60,184,47,151,73,85,67,90,42,87,182,116
61,198,59,139,76,71,49,123,36,84,165,118
62,93,108,89,102,117,96,108,105,104,107,79
63,101,98,109,104,87,105,91,98,100,119,122
64,197,42,151,78,78,51,110,39,107,182,85
65,100,93,82,92,108,112,96,117,112,98,91
66,199,61,162,52,89,54,118,33,95,206,138
67,103,97,100,107,101,99,113,108,95,107,116
68,225,41,165,70,78,54,117,40,77,211,129
69,127,80,68,94,105,97,116,113,321,57,75
70,196,46,171,59,95,68,82,37,105,196,127
71,103,96,88,107,102,99,99,108,114,119,104
72,204,42,142,72,70,59,88,61,81,187,121
73,198,47,130,66,91,52,94,39,97,168,120
74,219,47,135,69,97,58,98,42,96,180,119
75,210,42,164,76,79,56,108,40,89,167,111
76,109,108,99,97,106,101,89,109,100,102,106
77,203,58,155,63,94,64,106,45,90,180,117
78,202,57,155,77,87,57,83,45,93,185,125
79,87,89,108,104,123,84,116,120,99,116,100
80,173,61,154,63,83,48,100,37,99,169,128
81,213,58,154,75,92,73,106,42,84,175,135
82,93,101,113,115,99,82,97,104,105,116,125
83,111,113,104,117,101,112,90,99,111,81,92
84,113,108,108,82,100,88,100,96,83,84,118
85,191,54,147,72,87,70,114,44,88,191,113
86,115,106,89,107,106,98,90,111,95,99,95
87,208,54,148,63,94,70,108,44,87,177,122
88,190,54,142,72,92,58,106,39,95,184,129
89,195,52,146,61,81,67,93,33,97,171,109
90,194,44,132,58,81,61,106,44,82,167,125
91,67,96,94,105,97,95,81,101,117,94,101
92,111,92,100,107,85,115,88,99,104,105,96
93,182,59,137,81,112,55,77,41,91,178,127
94,106,100,97,106,95,93,102,97,120,94,110
95,203,57,136,76,106,65,101,35,90,167,124
96,183,43,163,68,89,55,97,37,73,189,125
97,86,69,84,104,104,98,98,88,91,113,85
98,103,98,87,105,90,101,96,104,106,80,103
99,87,102,110,94,91,97,92,106,115,106,107
100,232,43,147,94,99,64,106,34,96,195,125
101,88,98,82,120,91,80,102,105,100,76,98
102,201,54,141,75,87,66,102,44,86,198,117
103,102,93,80,85,120,92,104,111,85,100,91
104,166,39,148,75,95,72,95,47,74,161,124
105,184,35,123,38,108,60,102,43,270,105,93
106,110,105,97,91,94,98,113,89,94,111,103
107,104,85,94,106,110,110,100,112,105,98,112
108,191,53,132,69,78,61,94,50,95,172,110
109,216,52,144,78,104,72,96,46,84,202,101
110,215,50,145,70,81,53,122,45,87,188,133
111,102,103,111,90,81,89,102,100,94,92,94
112,88,79,89,99,87,93,97,122,94,89,112
113,99,94,105,96,99,106,102,111,91,103,94
114,187,57,144,63,93,67,93,46,101,175,118
115,123,120,96,108,83,111,89,108,100,104,101
116,210,38,128,64,72,46,95,35,269,114,95
117,211,52,151,82,90,58,85,46,88,180,113
118,229,44,152,66,96,63,102,40,84,185,121
119,78,96,105,94,112,103,99,77,80,129,113
120,119,95,110,94,101,107,82,112,104,103,80
121,208,48,155,74,94,51,112,33,63,166,114
122,93,94,90,111,104,109,84,93,110,89,115
123,116,104,108,112,98,123,113,113,103,90,99
124,221,51,151,50,101,55,100,38,98,160,136
125,198,59,153,69,63,66,113,39,93,185,132
126,186,55,145,80,87,57,114,48,94,176,109
127,113,100,100,92,99,113,109,80,114,131,105
128,204,50,148,74,85,71,109,41,88,184,119
129,113,103,108,95,99,95,113,101,90,85,105
130,211,57,152,83,98,65,101,55,78,176,133
131,207,57,141,63,100,58,101,33,101,166,103
132,107,117,80,91,119,105,112,91,105,92,103
133,196,49,156,73,88,59,82,43,97,218,101
134,95,108,96,96,94,103,87,99,103,95,116
135,200,44,155,76,91,60,93,49,99,163,126
136,219,54,170,77,93,45,96,36,78,196,123
137,205,50,136,62,82,51,105,49,84,182,113
138,205,57,160,79,84,49,114,54,88,166,136
139,215,43,134,73,83,68,92,31,83,163,133
140,207,52,176,85,116,52,108,33,97,147,119
141,91,94,106,91,103,105,94,87,99,92,101
142,213,52,147,59,110,50,106,31,104,185,122
143,83,97,109,101,114,120,101,96,107,107,102
144,103,87,86,109,113,90,99,92,102,105,104
145,105,99,93,92,109,90,108,92,104,109,98
146,191,43,141,85,81,53,92,34,85,198,111
147,107,97,91,102,114,111,105,97,113,117,106
148,101,92,97,90,80,122,87,87,110,91,95
149,205,41,152,64,74,61,83,43,96,208,122
150,99,99,96,91,101,98,112,98,91,111,103
151,205,40,136,47,79,51,108,44,257,114,93
152,197,51,169,82,93,68,105,38,110,177,117
153,98,115,93,95,110,91,115,94,111,98,94
154,108,118,102,103,89,107,109,92,101,114,105
155,219,50,162,65,92,74,93,30,83,167,121
156,223,50,141,81,77,66,105,37,87,180,108
157,111,111,105,94,106,104,99,93,84,100,99
158,119,93,90,88,118,94,87,83,100,102,93
159,199,65,132,73,98,58,105,47,99,156,147
160,191,41,166,54,96,57,108,45,96,171,108
161,107,107,87,111,79,105,101,93,96,107,99
162,212,40,161,67,80,62,111,44,79,181,125
163,230,41,134,75,83,72,78,42,83,161,105
164,84,96,128,99,117,101,104,89,109,101,114
165,80,114,100,118,94,95,108,91,115,98,117
166,241,48,166,66,84,65,91,40,95,177,109
167,210,50,160,88,100,59,99,41,84,174,119
168,191,51,172,65,97,61,114,49,79,193,119
169,204,57,174,62,96,77,93,32,88,178,124
170,198,53,154,65,95,56,110,48,76,176,123
171,186,49,131,54,95,56,106,43,92,172,145
172,101,115,84,105,100,102,99,81,113,94,113
173,87,84,117,85,86,102,91,93,114,104,110
174,87,89,103,102,118,102,109,84,85,106,109
175,198,56,154,59,94,56,107,49,84,185,125
176,216,53,161,74,100,58,97,26,95,182,123
177,86,92,101,103,98,90,99,96,94,95,112
178,112,113,86,76,105,100,103,91,84,109,99
179,187,45,147,65,97,64,85,40,88,182,118
180,94,94,78,101,78,96,114,110,107,93,112
181,220,45,144,81,93,66,99,41,88,185,124
182,98,118,88,97,87,96,92,98,107,93,105
183,173,47,150,72,90,51,98,49,87,182,122
184,106,95,102,94,114,95,113,111,90,114,93
185,94,100,103,99,87,99,90,81,93,89,116
186,210,35,144,68,96,51,122,34,256,100,114
187,92,107,89,103,107,107,110,114,101,99,105
188,196,52,139,72,82,56,119,44,63,181,133
189,184,57,130,69,86,52,103,33,81,200,138
190,211,60,123,71,81,61,94,33,98,182,125
191,100,93,95,103,92,103,95,98,96,115,97
192,199,64,155,83,89,71,96,39,87,188,130
193,104,97,97,107,91,92,106,109,97,86,108
194,210,39,143,70,80,66,105,30,90,194,106
195,91,106,85,88,106,98,113,98,100,88,96
196,197,57,130,70,78,56,86,40,86,172,145
197,109,104,85,93,104,85,96,83,97,98,89
198,171,45,157,73,79,72,103,37,70,197,115
199,198,45,167,63,95,58,108,35,88,184,118
200,116,100,88,102,102,103,101,76,85,104,89
201,174,43,135,76,84,57,98,48,88,161,120
202,97,88,105,106,109,87,121,106,99,94,106
203,100,99,100,99,108,93,94,93,96,106,104
204,108,106,94,105,100,115,86,87,84,105,108
205,233,45,147,80,94,52,108,33,102,159,114
206,190,43,123,99,79,68,107,31,98,203,111
207,119,108,118,96,84,105,115,89,109,107,96
208,112,94,109,118,106,105,90,111,84,95,95
209,198,47,164,82,89,68,97,35,83,156,116
210,209,55,137,73,88,49,100,36,88,180,115
211,102,92,98,90,106,102,113,101,112,92,95
212,213,48,151,70,71,61,82,36,99,171,109
213,207,65,173,58,87,62,95,59,85,152,101
214,222,54,155,54,92,60,85,40,90,188,119
215,104,96,117,114,91,98,93,94,111,86,108
216,160,48,175,62,93,69,74,46,100,175,136
217,196,59,166,77,98,70,79,43,96,157,108
218,106,98,95,91,107,103,115,97,113,120,102
219,196,59,154,65,85,68,86,40,92,167,123
220,168,55,140,63,76,51,105,34,100,187,115
221,214,57,164,65,87,58,86,34,83,158,120
222,207,43,142,61,87,68,101,36,90,158,140
223,210,44,156,72,77,68,98,45,86,179,112
224,214,48,130,64,102,56,109,47,106,162,122
225,238,65,129,59,77,42,110,43,301,105,109
226,206,47,150,81,98,62,99,36,92,189,114
227,217,60,146,74,101,49,112,47,83,204,118
228,117,102,104,86,97,119,108,101,92,95,86
229,94,93,86,99,84,106,90,82,94,120,110
230,103,99,79,110,109,90,131,93,98,88,96
231,194,50,139,72,95,54,97,46,92,181,103
232,85,103,93,101,100,99,102,86,94,93,105
233,91,100,101,109,87,103,88,93,94,105,73
234,85,110,100,105,109,89,112,86,108,96,116
235,213,49,156,75,100,58,104,40,89,181,122
236,172,61,158,60,80,59,103,47,90,155,118
237,104,103,106,107,111,101,100,100,97,111,86
238,113,91,90,89,112,88,107,109,117,94,108
239,92,101,89,93,78,84,93,111,103,90,97
240,191,53,133,73,93,41,104,38,95,181,123
241,82,106,90,108,84,112,97,93,102,93,114
242,213,50,149,74,95,66,104,38,107,183,137
243,95,98,110,109,103,104,101,109,117,83,96
244,212,48,141,73,77,64,116,35,87,155,109
245,88,122,103,106,96,112,104,79,100,101,95
246,99,88,89,87,102,107,104,90,98,108,97
247,180,46,138,86,88,65,102,37,73,185,99
248,212,50,155,63,110,75,107,49,84,175,137
249,105,98,99,99,90,100,90,115,94,98,100
250,104,97,100,125,108,100,100,102,100,91,93
251,103,89,121,99,93,103,118,106,87,94,89
252,97,106,102,107,95,95,99,102,94,106,92
253,107,99,93,102,99,105,95,102,108,108,98
254,181,46,165,78,90,55,83,33,102,207,110
255,186,51,135,93,85,53,101,50,78,200,105
256,114,98,96,97,109,87,87,108,95,98,86
257,109,101,92,98,91,106,92,97,98,93,83
258,222,35,121,58,75,53,97,41,271,114,90
259,102,94,91,114,120,94,107,92,119,105,114
260,210,44,144,90,88,83,120,42,90,189,120
261,108,85,108,99,100,101,85,75,109,90,104
262,84,110,102,101,99,102,122,93,97,103,92
263,184,53,164,80,69,59,100,35,94,163,105
264,123,108,81,102,98,89,107,116,91,104,102
265,208,47,149,71,80,70,99,37,92,177,130
266,234,41,113,87,84,51,100,41,279,111,92
267,82,90,112,112,101,93,99,107,93,92,99
268,210,41,140,72,72,62,90,46,78,153,115
269,90,109,108,113,112,100,98,113,83,91,110
270,217,48,158,82,97,60,118,43,83,191,119
271,94,104,100,103,114,95,90,92,93,98,89
272,101,84,98,109,97,96,106,93,96,75,96
273,96,112,85,115,97,103,88,116,95,90,104
274,101,95,108,106,105,91,98,108,80,83,106
275,203,46,147,70,91,61,96,44,79,161,122
276,93,90,119,110,97,100,101,89,120,100,102
277,89,100,99,101,110,97,104,95,92,109,101
278,85,118,105,97,119,125,109,112,89,115,112
279,85,86,113,93,93,90,103,98,94,85,106
280,182,40,127,73,80,62,106,34,91,181,126
281,190,54,144,70,92,83,94,39,95,195,123
282,227,47,113,62,83,54,100,42,257,97,107
283,199,46,119,67,88,61,103,33,94,185,111
284,200,41,135,82,100,47,97,36,94,198,119
285,111,98,100,85,86,110,90,109,94,108,95
286,106,122,102,103,107,102,101,106,103,104,107
287,98,113,98,103,100,105,106,101,119,95,118
288,212,46,148,81,77,73,124,38,100,203,128
289,191,54,140,64,98,60,110,42,101,155,119
290,209,60,152,69,87,69,98,37,75,190,124
291,103,114,91,99,86,89,111,92,112,95,100
292,120,97,86,98,131,100,93,106,98,94,94
293,200,54,152,76,99,47,92,40,79,165,121
294,212,53,155,71,81,45,111,42,85,175,138
295,103,94,88,88,92,106,101,112,96,113,99
296,235,49,144,68,105,67,84,46,97,191,112
297,193,45,147,54,101,59,103,31,87,187,121
298,196,47,155,68,102,58,88,39,76,198,119
299,209,47,141,79,101,56,119,31,100,189,135
300,196,43,154,67,78,66,98,53,82,158,102
301,100,116,90,104,96,102,95,99,95,120,97
302,95,93,90,111,99,109,105,107,99,97,113
303,88,102,103,106,105,93,115,94,87,93,98
304,195,59,142,79,81,65,113,41,84,172,110
305,199,43,138,69,95,63,121,44,98,175,134
306,206,46,152,69,89,63,86,39,93,178,122
307,101,105,92,116,102,100,87,106,96,90,114
308,95,118,110,82,83,91,111,86,104,97,108
309,214,56,152,69,93,40,90,43,92,177,119
310,189,45,142,63,94,60,98,35,98,173,109
311,193,50,159,77,100,48,114,44,79,179,137
312,198,41,151,80,93,57,109,33,97,173,92
313,108,102,104,105,116,92,99,93,107,107,109
314,130,98,94,82,105,104,118,95,96,90,100
315,208,62,143,75,94,62,105,50,87,174,120
316,197,49,128,57,81,58,101,43,98,172,135
317,100,91,106,107,103,108,108,99,96,109,93
318,211,45,153,75,104,61,97,46,84,157,117
319,102,98,105,91,112,92,80,77,105,101,93
320,102,98,93,92,108,108,100,90,103,94,103
321,217,36,163,63,84,71,103,36,87,183,119
322,200,47,149,71,97,72,95,45,87,177,117
323,91,92,94,84,113,99,89,101,100,100,97
324,175,41,171,55,99,54,100,36,79,203,129
325,217,51,177,77,89,61,88,53,84,200,126
326,99,91,107,93,118,95,85,113,105,88,117
327,101,96,97,101,85,96,104,106,112,83,91
328,97,93,88,96,106,97,105,91,96,104,88
329,106,105,103,96,86,96,97,83,80,92,89
330,194,45,168,63,87,51,91,44,72,201,127
331,209,54,154,68,81,72,112,41,85,181,131
332,205,44,150,73,94,67,80,48,93,195,107
333,198,54,164,56,83,53,115,39,85,178,127
334,197,39,144,71,84,68,95,44,96,198,128
335,98,96,109,102,101,114,74,95,109,86,93
336,193,52,154,67,91,54,96,40,115,176,125
337,110,84,98,107,87,92,105,93,97,96,97
338,193,52,142,68,103,65,113,44,107,200,117
339,105,106,89,98,117,99,112,87,107,97,99
340,99,95,100,103,88,91,80,87,102,75,93
341,112,113,99,98,103,102,92,103,73,105,104
342,205,46,164,59,87,51,106,41,80,189,128
343,105,110,104,107,104,95,95,102,107,95,103
344,226,53,145,71,79,68,91,39,99,169,110
345,84,100,100,110,98,91,84,119,80,101,87
346,96,78,98,106,95,92,113,97,97,108,104
347,95,100,93,92,83,119,111,82,117,119,105
348,192,51,143,76,90,52,103,48,85,199,111
349,212,48,127,61,97,55,109,30,79,176,100
350,95,101,101,107,125,85,106,100,102,115,103
351,114,112,85,100,90,96,102,80,90,94,94
352,230,36,170,62,97,69,110,46,82,171,124
353,92,89,102,95,96,107,118,92,106,100,77
354,214,61,172,67,82,70,101,30,92,201,115
355,203,56,142,68,80,60,116,33,90,165,118
356,225,54,149,70,74,72,88,31,101,162,128
357,218,51,153,70,82,50,91,41,97,168,133
358,182,52,161,74,89,54,93,34,88,201,136
359,94,105,97,110,115,104,92,118,111,101,95
360,96,85,79,104,83,98,122,107,316,50,85
361,107,87,92,111,90,70,92,110,106,107,93
362,195,57,150,65,96,43,101,34,95,174,109
363,80,105,106,130,100,94,112,81,106,85,98
364,100,95,84,92,85,89,108,87,290,60,69
365,195,61,148,76,85,47,86,37,83,188,106
366,221,60,145,65,98,56,108,40,79,152,120
367,177,51,146,55,82,61,115,39,80,183,109
368,93,92,106,77,86,107,88,101,102,98,101
369,184,57,148,82,99,51,102,46,91,189,112
370,205,45,149,86,77,58,110,37,68,182,132
371,177,51,165,69,105,70,83,35,88,189,117
372,204,69,174,77,91,53,101,42,93,183,132
373,195,42,146,76,100,39,90,45,75,162,117
374,208,45,144,64,91,65,129,40,86,145,116
375,216,48,142,63,81,54,111,35,84,184,133
376,105,84,100,112,95,96,104,101,87,101,103
377,217,43,157,70,92,78,96,46,92,167,111
378,87,99,94,94,95,99,102,104,78,93,103
379,204,39,156,61,82,68,97,37,95,207,107
380,196,62,156,79,98,57,103,37,80,174,126
381,90,95,92,107,100,84,97,99,110,120,99
382,97,103,110,120,111,117,108,102,111,85,110
383,90,105,95,85,124,108,106,99,75,99,84
384,230,58,161,83,100,66,107,40,75,182,123
385,199,58,155,74,109,56,101,37,80,197,104
386,216,54,147,86,76,66,109,35,111,176,118
387,94,88,106,97,119,100,103,106,103,92,84
388,175,46,145,73,70,58,89,43,85,167,123
389,197,42,159,57,75,65,95,33,84,179,114
390,100,98,101,107,117,86,91,102,93,98,93
391,110,103,107,105,94,93,105,100,89,114,112
392,199,62,132,62,121,53,101,42,87,176,119
393,202,57,145,62,89,61,98,49,84,181,136
394,111,114,89,105,105,96,89,95,75,98,94
395,211,64,166,77,80,55,96,29,90,189,132
396,87,112,106,94,84,112,94,99,96,100,95
397,191,55,142,67,80,54,102,41,78,177,107
398,185,46,143,65,85,78,97,50,109,200,129
399,94,97,107,96,115,118,103,94,89,113,89
400,89,102,92,103,101,113,106,110,122,91,95
401,103,89,115,107,100,102,83,94,99,104,109
402,191,50,162,68,107,59,106,36,91,155,122
403,215,43,147,71,83,60,101,34,92,160,122
404,104,122,118,101,100,95,109,103,109,108,101
405,98,122,90,105,98,118,103,96,103,99,109
406,175,56,150,62,98,57,86,33,88,175,117
407,106,98,106,98,97,78,97,73,95,108,99
408,217,57,141,61,97,63,103,32,95,167,127
409,211,42,156,82,84,65,84,39,78,191,103
410,109,93,93,98,87,94,97,88,101,106,97
411,186,55,151,81,106,69,91,43,96,174,131
412,101,101,111,106,101,87,86,99,116,87,99
413,182,46,160,63,103,72,103,34,87,189,102
414,101,91,118,93,95,106,102,120,98,111,104
415,175,48,149,80,98,50,106,40,94,186,118
416,183,54,156,80,78,68,84,52,89,195,122
417,198,47,126,78,100,47,96,45,78,195,122
418,193,50,150,68,93,65,94,49,86,142,136
419,91,107,93,99,84,106,94,106,86,100,82
420,200,51,165,64,100,55,94,42,95,160,114
421,207,42,141,69,91,55,101,33,107,178,126
422,92,106,97,95,92,86,94,83,102,82,112
423,94,94,100,103,99,100,103,105,101,113,95
424,96,94,104,98,104,107,92,98,87,85,86
425,203,49,189,62,90,54,95,33,108,195,133
426,180,47,161,81,93,49,101,33,97,176,111
427,193,46,131,57,82,66,112,35,106,186,95
428,87,107,86,101,111,98,103,105,117,89,101
429,105,112,93,109,77,89,108,98,100,98,88
430,188,62,151,78,88,73,98,38,96,188,127
431,203,45,154,72,101,63,94,33,94,185,116
432,185,48,158,77,80,58,94,38,82,173,119
433,106,104,94,101,104,105,106,105,103,93,104
434,88,99,92,105,98,89,109,121,101,98,93
435,208,50,137,86,80,59,87,37,95,162,143
436,192,48,154,79,87,63,93,40,70,186,130
437,210,44,113,53,79,59,120,43,273,124,107
438,105,117,100,92,106,105,114,97,87,100,98
439,112,107,105,92,96,116,96,111,97,118,92
440,179,42,139,68,81,55,103,40,102,163,122
441,197,48,151,76,96,67,88,49,107,178,108
442,102,92,102,104,97,106,106,109,106,104,99
443,104,90,112,92,101,97,94,97,79,113,104
444,216,39,138,75,75,70,99,40,88,169,117
445,217,56,156,65,76,68,96,38,81,205,101
446,107,77,88,97,108,97,101,105,74,107,103
447,215,55,148,67,77,62,97,31,98,198,122
448,104,91,77,96,113,87,122,85,101,96,85
449,217,42,156,69,88,58,103,37,83,194,134
450,219,41,154,74,94,54,102,41,84,182,107
451,91,90,123,104,88,96,101,91,85,94,101
452,98,87,94,98,105,97,107,94,101,105,106
453,178,53,146,65,68,66,94,47,75,197,117
454,91,105,94,101,95,104,90,83,83,110,89
455,89,117,105,111,97,84,99,101,92,106,101
456,206,34,165,77,93,56,102,41,92,209,125
457,188,47,131,66,99,45,95,37,81,221,115
458,119,70,110,93,98,104,110,93,89,110,105
459,105,102,97,99,93,108,116,102,94,105,77
460,113,102,97,121,93,94,91,102,113,95,82
461,208,50,152,77,107,49,92,46,80,170,109
462,100,101,93,113,105,102,93,79,106,87,99
463,251,54,134,64,78,42,106,38,285,105,90
464,89,103,104,110,94,112,116,106,102,110,101
465,103,100,97,114,103,103,98,85,97,101,94
466,184,55,163,60,82,58,111,42,97,187,97
467,187,53,152,74,99,45,97,46,91,186,127
468,111,95,114,79,96,100,82,94,107,105,90
469,185,47,134,62,88,35,106,47,79,196,128
470,191,58,153,75,84,49,84,46,100,169,118
471,89,106,83,101,113,85,88,114,102,98,114
472,193,35,152,69,62,56,111,36,107,152,115
473,108,98,86,114,100,114,92,113,92,93,108
474,192,55,150,76,88,67,103,36,77,186,108
475,100,100,96,86,102,111,86,88,87,94,114
476,202,51,145,73,94,65,106,45,101,181,111
477,101,100,86,113,98,98,103,100,94,116,92
478,100,99,116,111,95,96,103,81,98,91,91
479,186,53,145,59,99,66,112,34,69,173,135
480,115,96,84,87,107,91,92,96,84,103,86
481,108,104,101,95,104,98,91,106,96,91,90
482,92,88,109,116,108,95,97,109,112,95,102
483,192,47,173,60,102,74,106,31,94,161,116
484,106,117,95,107,116,104,103,97,101,103,109
485,108,107,99,101,84,86,106,92,93,98,100
486,99,109,79,102,122,101,107,94,108,108,107
487,112,111,91,95,89,95,104,86,108,103,118
488,88,88,111,100,84,101,95,81,100,103,103
489,212,51,172,65,90,45,107,46,106,169,107
490,121,112,91,118,84,110,94,109,109,104,97
491,100,81,102,84,111,106,107,100,99,93,93
492,189,48,140,70,94,59,104,42,91,172,109
493,111,87,87,103,96,101,99,87,95,83,107
494,177,53,142,73,88,61,97,40,88,166,111
495,205,41,145,80,83,51,120,39,97,189,106
496,198,59,142,77,99,61,105,36,96,187,116
497,92,89,105,96,86,89,115,102,91,110,100
498,207,61,106,59,98,50,128,44,296,94,81
499,103,113,103,109,110,95,105,106,100,90,93
500,242,55,131,71,88,68,93,40,96,179,109
501,103,111,107,98,94,110,95,110,98,109,106
502,195,50,150,68,94,52,97,35,69,173,122
503,180,54,152,62,96,70,115,35,86,154,107
504,188,51,145,64,95,61,89,29,89,165,119
505,228,54,144,69,86,59,86,39,81,198,131
506,97,101,83,93,93,79,104,87,102,106,91
507,90,105,84,90,83,108,96,108,97,83,87
508,114,109,102,86,102,97,108,88,96,88,102
509,98,104,123,110,103,110,94,87,89,103,96
510,205,47,156,70,99,56,101,47,79,152,113
511,195,56,165,63,73,65,83,37,114,187,137
512,106,100,96,105,91,127,86,94,79,102,93
513,105,115,99,91,102,116,123,102,113,108,108
514,198,40,144,77,99,57,99,45,81,189,121
515,101,94,96,111,94,106,117,107,108,91,106
516,117,80,101,83,93,69,119,106,314,48,89
517,84,83,112,99,97,96,119,108,95,90,79
518,190,44,143,83,103,56,93,40,110,179,131
519,190,43,172,66,96,80,100,39,80,154,114
520,97,103,106,113,114,93,94,96,91,110,88
521,198,57,137,80,95,45,109,34,80,169,134
522,92,89,101,101,110,97,94,105,103,98,105
523,97,113,104,108,80,91,101,100,109,119,90
524,118,112,101,104,102,102,97,108,95,113,100
525,223,60,153,56,72,53,114,42,111,179,126
526,213,48,153,72,110,50,83,30,85,180,120
527,212,45,167,67,93,63,94,42,88,181,110
528,187,57,142,78,91,56,99,36,78,188,110
529,215,53,168,70,65,46,111,39,102,168,107
530,109,107,97,109,98,91,96,114,99,94,110
531,80,100,85,89,97,105,102,106,96,91,95
532,113,93,87,113,106,93,106,106,92,98,90
533,187,47,150,62,102,65,81,43,85,215,124
534,107,101,114,104,109,85,91,99,114,107,93
535,229,44,118,68,88,50,96,35,293,104,98
536,113,99,95,92,90,93,106,113,93,88,105
537,95,91,81,111,80,108,81,98,95,111,89
538,207,59,165,66,71,60,110,45,111,183,110
539,205,41,135,60,93,49,113,26,99,196,105
540,197,42,135,77,83,64,90,33,98,155,121
541,227,54,159,71,89,61,97,38,91,183,112
542,202,49,133,78,88,61,100,34,94,164,110
543,196,51,152,62,87,49,106,38,94,140,108
544,223,44,163,65,101,51,94,35,93,168,112
545,83,112,117,105,103,97,100,109,85,87,96
546,220,42,176,72,87,65,115,36,82,196,109
547,99,101,116,88,106,96,100,108,112,97,106
548,109,103,125,95,93,80,91,105,95,122,94
549,207,38,133,69,81,58,84,38,89,186,118
550,201,48,156,80,89,55,119,46,89,205,94
551,213,58,143,52,88,56,106,30,74,170,116
552,87,101,99,107,102,91,90,102,101,76,96
553,74,117,91,101,107,83,106,92,109,78,91
554,84,100,99,112,90,95,107,92,108,96,104
555,194,48,156,80,83,73,99,38,87,176,110
556,108,110,97,110,94,99,95,93,112,102,87
557,101,103,92,104,114,112,105,110,98,81,100
558,183,50,156,80,80,65,105,48,93,184,110
559,92,104,110,92,88,102,94,110,88,99,98
560,211,56,135,83,66,57,108,32,98,186,126
561,107,101,106,93,102,107,108,105,92,103,89
562,86,101,127,90,118,111,100,96,101,91,72
563,93,104,110,100,104,101,94,94,83,94,80
564,182,47,164,81,79,57,101,39,99,176,109
565,194,43,146,80,90,72,87,39,101,190,120
566,108,102,87,100,109,106,105,94,97,113,111
567,190,54,156,70,97,52,129,44,98,190,124
568,225,57,146,59,90,65,91,38,90,192,110
569,104,107,101,110,102,95,97,100,105,123,107
570,213,55,152,82,105,60,101,50,94,180,116
571,198,53,135,68,95,63,109,38,99,187,130
572,111,110,103,98,93,97,99,108,94,98,105
573,187,56,141,71,82,71,106,52,86,184,109
574,105,103,96,100,108,101,113,111,107,98,103
575,105,102,109,110,95,85,109,114,104,115,111
576,115,108,93,99,123,96,105,109,98,99,81
577,101,111,94,88,103,108,100,107,98,95,108
578,110,107,99,98,91,99,112,103,106,109,109
579,96,93,80,126,114,98,108,91,94,112,108
580,197,49,143,74,99,64,100,59,96,185,118
581,107,96,112,86,107,95,103,95,100,111,98
582,197,53,145,65,85,66,102,53,85,175,123
583,186,51,157,66,84,77,100,41,78,150,109
584,186,52,158,77,95,74,81,46,85,175,143
585,191,48,153,78,91,59,114,38,84,159,122
586,98,96,92,92,113,93,103,104,98,89,125
587,218,44,147,64,100,61,92,44,93,191,121
588,229,44,155,70,98,51,110,40,101,178,115
589,204,61,141,75,103,58,98,38,104,167,121
590,102,98,85,96,96,99,86,116,97,94,100
591,88,82,108,109,103,101,109,111,99,94,88
592,201,43,166,70,98,68,110,41,95,176,109
593,100,110,100,105,89,108,100,80,100,98,98
594,232,51,130,74,94,54,87,40,81,200,126
595,99,84,101,96,99,114,92,125,109,106,98
596,105,107,101,95,123,97,108,104,84,106,112
597,219,50,162,67,76,62,112,33,75,200,112
598,181,53,155,67,98,50,121,39,107,185,144
599,100,108,87,84,97,97,86,107,85,115,106
600,198,46,151,66,87,57,105,41,96,181,138
601,185,51,137,69,108,53,110,30,83,172,124
602,198,49,144,77,84,56,116,39,90,169,105
603,197,56,162,56,81,53,98,43,84,165,127
604,199,55,133,86,97,55,97,44,85,228,118
605,213,51,157,70,93,65,95,35,106,178,124
606,111,106,99,92,99,106,107,98,94,92,82
607,215,50,152,71,82,52,105,44,93,180,111
608,102,97,106,86,112,109,96,114,108,99,93
609,216,45,144,72,99,67,97,39,91,172,130
610,199,52,149,63,67,60,133,32,90,181,124
611,92,98,81,107,115,106,104,95,100,88,107
612,209,43,163,73,75,66,94,43,96,188,122
613,208,55,150,56,97,58,94,29,90,204,123
614,187,43,159,83,80,61,91,40,93,180,129
615,198,54,177,70,90,53,80,35,86,175,110
616,210,54,163,88,90,66,97,44,90,177,101
617,226,53,168,69,89,58,94,35,92,184,125
618,110,80,93,92,110,99,105,119,110,103,117
619,82,109,85,110,87,97,103,100,98,102,94
620,182,51,158,82,80,55,98,28,90,194,114
621,214,49,159,56,98,63,91,38,93,185,135
622,92,111,92,108,95,98,102,99,89,76,96
623,184,49,133,83,85,49,96,43,94,191,122
624,177,59,157,74,81,51,111,50,89,185,121
625,98,104,88,114,105,106,94,104,109,89,107
626,107,83,125,97,92,100,98,104,97,96,105
627,194,46,153,78,78,62,110,57,75,170,113
628,180,45,148,76,87,61,103,38,83,185,118
629,198,49,164,64,95,68,91,40,88,185,129
630,119,99,112,82,92,100,103,106,103,99,110
631,87,81,87,109,85,114,78,102,92,92,110
632,202,56,142,71,77,67,103,35,89,180,116
633,96,88,99,101,99,76,87,89,100,121,104
634,182,62,134,60,84,54,87,41,74,181,117
635,172,46,150,81,84,61,91,43,79,196,120
636,207,43,148,76,90,75,88,35,80,175,133
637,86,107,112,102,92,98,109,103,89,108,109
638,179,39,185,61,87,61,123,34,85,176,118
639,200,40,152,59,100,64,117,43,87,189,103
640,196,53,117,57,83,64,112,40,91,191,123
641,99,101,104,94,106,116,101,118,100,107,113
642,186,61,161,62,89,58,100,33,106,186,116
643,102,92,97,95,98,81,96,98,90,96,101
644,107,89,106,81,110,111,117,95,113,104,89
645,92,105,95,112,89,106,95,96,116,115,97
646,195,48,143,73,90,49,107,32,77,183,123
647,96,101,119,110,98,104,118,89,98,112,100
648,98,100,112,118,102,92,97,110,111,104,111
649,204,47,133,66,80,59,93,34,90,172,104
650,209,61,154,61,92,64,105,42,96,192,111
651,106,94,112,116,112,100,95,94,117,107,85
652,190,39,175,87,90,57,108,33,108,171,129
653,187,46,141,68,82,51,103,38,93,205,119
654,98,102,106,110,93,101,97,103,90,91,94
655,104,95,107,127,104,92,104,105,123,112,108
656,98,108,99,100,96,93,99,120,108,99,109
657,101,82,111,100,106,114,104,106,101,96,89
658,99,81,87,93,111,95,97,98,106,84,99
659,200,48,154,76,89,49,98,46,94,166,129
660,76,106,107,105,103,97,103,104,101,94,103
661,192,55,135,62,91,59,93,49,93,184,119
662,81,134,93,107,99,87,110,110,96,99,96
663,191,64,149,82,83,47,88,36,104,197,110
664,184,47,181,59,97,60,104,44,96,190,124
665,97,97,110,110,97,95,108,106,91,96,97
666,104,92,100,77,100,100,111,100,90,108,97
667,105,101,105,84,94,94,99,96,107,88,94
668,180,53,145,70,106,59,109,42,100,196,116
669,187,43,153,85,75,68,109,39,82,170,118
670,230,46,112,70,67,56,104,42,286,125,88
671,109,86,104,109,107,93,93,106,93,94,84
672,198,53,130,68,86,66,93,46,95,163,126
673,113,115,97,100,113,117,99,90,100,93,93
674,108,95,94,103,104,114,95,105,103,93,82
675,228,46,136,64,97,55,97,46,81,184,97
676,104,103,110,94,96,105,91,85,106,98,97
677,86,90,88,95,94,110,97,108,102,100,91
678,213,46,163,64,83,60,107,42,92,195,125
679,226,46,154,80,83,62,112,39,80,172,135
680,190,35,164,69,96,69,112,50,111,165,120
681,115,98,97,97,111,94,110,89,86,98,116
682,94,104,92,98,97,88,92,99,93,108,101
683,203,52,141,62,87,54,103,25,94,180,118
684,195,59,150,77,81,53,101,32,79,178,144
685,215,38,158,59,106,51,101,35,87,170,139
686,98,83,84,112,99,117,91,103,83,96,100
687,97,108,94,95,103,102,96,109,95,89,102
688,202,47,157,78,93,65,94,38,108,165,113
689,99,111,97,110,92,109,103,105,104,90,94
690,194,48,151,46,105,54,98,46,93,176,130
691,191,60,150,66,97,54,109,46,92,193,116
692,206,35,152,74,78,55,99,38,70,185,101
693,188,62,167,67,80,64,122,43,73,181,121
694,93,88,105,85,121,94,106,102,98,124,103
695,203,36,151,73,87,76,86,39,77,173,129
696,192,55,136,72,108,49,104,39,94,207,109
697,250,41,141,62,89,75,107,57,99,182,131
698,106,103,110,100,115,93,98,103,89,79,93
699,197,57,159,66,88,58,96,37,89,184,104
700,105,93,115,103,79,97,100,111,102,90,99
701,177,51,157,72,92,68,109,43,116,166,107
702,94,105,105,97,108,98,97,87,100,97,92
703,220,54,179,67,87,54,98,33,93,178,126
704,97,115,100,102,95,105,109,98,118,93,101
705,206,54,154,83,91,56,108,35,89,179,118
706,192,40,165,69,90,70,99,36,83,167,119
707,186,40,153,60,94,57,94,37,117,218,124
708,199,61,171,61,89,66,88,37,92,184,138
709,84,103,101,110,82,105,106,113,105,117,100
710,106,100,107,108,91,104,109,77,95,97,104
711,201,51,155,94,90,47,93,37,77,172,129
712,219,60,160,62,102,73,88,31,101,180,139
713,97,94,109,112,102,84,125,88,115,98,95
714,98,83,109,101,120,97,94,97,101,92,94
715,113,100,97,86,116,102,108,92,95,109,95
716,111,92,108,95,104,91,94,85,85,90,100
717,90,90,93,125,108,103,96,103,89,97,94
718,103,104,125,105,91,104,96,98,104,101,110
719,100,89,84,109,125,90,96,108,99,90,111
720,173,53,140,68,69,63,103,46,98,180,111
721,106,104,84,92,89,105,98,111,100,121,114
722,107,106,79,98,94,90,86,100,109,120,109
723,189,39,148,62,86,67,104,45,79,185,120
724,108,107,95,95,87,91,108,108,106,85,94
725,197,56,142,74,80,67,103,48,101,161,132
726,227,59,148,86,92,60,91,40,79,185,124
727,105,103,98,100,97,94,98,88,106,99,106
728,197,47,149,64,85,55,98,47,100,160,95
729,205,59,157,77,103,53,106,39,77,188,122
730,215,45,162,49,120,55,102,46,105,181,105
731,205,56,134,72,80,72,98,45,92,193,118
732,96,111,90,85,112,97,102,105,102,107,98
733,112,101,115,102,99,98,93,91,101,95,108
734,110,100,104,86,113,86,77,86,114,101,85
735,95,99,106,96,95,101,86,104,98,107,109
736,190,38,170,76,95,58,105,49,99,195,112
737,217,48,139,73,93,48,114,29,77,173,113
738,109,91,104,103,109,96,103,104,95,114,104
739,190,45,145,79,67,66,95,44,92,158,104
740,223,58,142,90,100,58,103,37,111,179,110
741,100,114,118,100,121,93,87,104,84,103,97
742,193,54,128,77,94,61,112,48,83,194,116
743,203,38,152,60,87,46,90,41,89,197,129
744,178,59,143,67,75,64,118,44,89,179,110
745,102,83,109,105,92,99,95,108,86,114,98
746,214,47,135,67,93,50,102,39,97,179,140
747,189,62,166,74,90,57,117,41,76,163,112
748,89,86,89,103,89,106,102,103,97,99,101
749,94,93,106,103,110,101,100,94,85,93,94
750,193,52,150,70,86,62,113,36,82,199,115
751,89,100,72,109,96,98,85,99,117,94,129
752,113,97,109,86,100,105,94,104,93,95,110
753,90,111,91,113,111,101,83,81,87,90,101
754,209,52,164,67,85,54,102,42,82,177,110
755,183,42,164,62,93,57,102,31,89,175,126
756,115,105,100,103,100,101,96,92,113,110,98
757,89,103,110,93,101,83,101,97,107,86,99
758,113,112,95,103,120,96,111,101,97,102,101
759,103,104,81,92,92,112,95,105,102,101,101
760,90,90,104,100,86,114,101,105,82,97,97
761,206,47,154,64,89,57,85,48,74,172,119
762,96,114,92,99,87,104,108,109,78,74,103
763,200,48,152,72,88,53,100,48,90,181,109
764,199,47,160,77,90,49,88,46,70,189,102
765,101,101,106,94,96,93,90,100,110,89,92
766,108,93,87,92,104,98,101,113,99,97,95
767,81,92,89,89,104,98,106,91,96,104,102
768,226,60,130,56,85,50,100,35,79,190,111
769,108,107,102,97,99,93,107,108,103,89,114
770,189,53,143,83,87,50,86,46,77,177,125
771,92,90,100,94,105,93,81,96,98,104,94
772,209,60,134,67,84,54,91,42,99,187,136
773,197,68,134,73,78,56,99,48,99,168,113
774,107,106,85,107,103,102,101,98,98,111,88
775,87,104,107,106,109,116,102,105,99,95,98
776,218,50,159,83,75,61,100,42,99,220,120
777,104,107,89,92,95,105,116,87,98,106,96
778,208,44,132,60,82,61,113,40,97,189,96
779,87,105,95,91,109,112,106,98,97,110,106
780,110,98,92,87,107,83,102,123,94,101,91
781,94,104,121,101,78,113,84,105,94,96,102
782,84,86,94,108,99,97,86,112,108,108,104
783,110,104,98,121,102,91,119,112,110,97,123
784,117,109,100,90,88,89,76,118,107,83,95
785,120,108,98,101,98,93,103,102,100,103,107
786,93,104,112,98,104,101,102,81,104,117,107
787,200,43,150,77,91,43,99,41,102,179,101
788,172,43,155,55,80,58,103,43,91,168,122
789,89,96,111,87,113,88,86,115,90,119,105
790,94,99,108,102,87,110,93,91,104,88,83
791,190,54,172,58,98,68,100,43,90,172,140
792,210,57,158,61,84,61,108,38,87,162,118
793,206,47,154,66,98,39,96,35,83,206,111
794,222,48,140,73,91,52,108,44,96,176,120
795,195,45,135,85,94,71,84,44,94,186,124
796,100,94,116,108,116,108,112,105,97,100,112
797,207,50,121,80,98,60,103,34,104,194,113
798,96,106,93,87,87,92,114,79,109,103,98
799,207,42,143,67,91,47,112,34,89,164,123
800,99,118,99,111,117,105,92,95,111,97,115
801,110,106,90,92,86,112,108,94,110,102,91
802,98,89,95,102,90,90,93,85,108,109,117
803,109,80,72,85,100,72,105,115,289,67,110
804,98,95,90,92,96,89,100,99,103,122,104
805,92,110,104,88,111,99,95,107,101,83,101
806,93,93,110,105,92,82,112,102,95,102,98
807,91,103,119,96,109,119,98,109,100,98,99
808,108,106,110,127,110,98,83,111,100,109,87
809,107,110,102,108,109,95,87,90,101,110,102
810,102,110,89,100,121,92,97,96,94,106,91
811,100,99,109,87,101,100,104,81,93,116,99
812,201,57,150,81,99,64,91,39,92,151,128
813,221,57,134,78,99,59,114,41,89,191,114
814,195,50,141,68,71,54,109,41,89,178,132
815,192,42,143,72,96,55,95,39,87,187,115
816,195,37,144,70,91,57,85,50,125,164,112
817,217,50,165,61,102,54,112,44,82,181,119
818,104,87,130,102,99,90,94,97,71,101,104
819,117,101,107,93,113,108,104,80,115,107,105
820,219,45,152,70,99,42,86,37,103,167,124
821,101,88,102,108,110,95,110,97,91,102,93
822,99,78,115,80,86,104,112,95,100,93,106
823,209,59,157,73,80,66,108,45,89,186,119
824,97,103,123,113,104,101,112,108,93,93,97
825,201,53,143,63,86,57,91,37,95,178,118
826,232,45,134,51,99,49,108,44,67,197,123
827,98,102,95,107,88,102,113,105,89,97,99
828,94,109,109,99,107,90,99,94,109,104,93
829,105,107,109,92,115,121,87,111,106,102,116
830,98,91,100,107,121,103,86,99,84,101,123
831,188,51,136,63,90,58,94,38,87,168,133
832,213,56,149,62,91,56,87,35,92,200,108
833,101,107,103,115,101,95,95,97,85,101,81
834,201,49,148,73,87,58,111,33,89,184,122
835,93,104,90,93,96,104,93,111,102,93,85
836,101,92,114,82,114,96,106,112,106,96,107
837,103,101,101,107,88,87,98,108,102,92,83
838,211,39,165,71,77,65,94,44,77,190,139
839,224,59,142,85,85,62,114,49,85,177,117
840,199,51,160,72,76,85,94,40,78,192,126
841,102,91,85,99,95,103,97,94,110,102,87
842,175,49,157,65,93,64,116,28,93,213,133
843,104,96,107,96,96,89,103,110,99,106,100
844,212,43,161,89,94,65,113,44,88,186,122
845,107,89,85,104,89,99,120,98,97,102,118
846,200,49,138,72,102,55,101,34,92,172,122
847,194,52,151,71,70,66,112,45,85,174,113
848,115,85,91,107,108,127,87,98,88,112,107
849,197,52,162,72,76,70,93,40,92,184,121
850,97,83,100,133,92,109,94,111,96,86,89
851,227,44,170,77,101,63,78,43,95,181,119
852,107,99,107,113,103,100,91,109,87,88,112
853,116,90,98,96,99,104,95,94,111,99,91
854,100,111,78,93,96,112,87,103,99,80,119
855,216,40,150,72,94,64,113,44,87,200,112
856,97,101,104,99,116,104,96,99,107,108,102
857,189,48,167,87,87,60,101,39,105,177,116
858,97,121,121,90,104,115,97,92,106,84,98
859,214,59,140,77,95,61,98,42,97,154,114
860,193,49,155,60,96,52,117,46,102,159,142
861,241,55,132,65,84,57,98,48,93,200,115
862,99,112,102,114,103,94,92,115,113,111,111
863,227,55,140,61,85,64,93,32,106,172,120
864,221,58,149,77,79,54,100,32,111,194,114
865,77,105,94,95,90,101,114,104,103,116,96
866,214,45,156,75,100,61,83,39,105,163,130
867,204,53,132,61,102,67,93,33,81,204,125
868,110,106,97,101,112,99,91,95,107,98,111
869,199,42,141,66,79,55,103,40,80,164,133
870,193,49,193,63,87,51,94,30,78,182,118
871,110,95,102,100,107,119,116,96,94,114,95
872,209,47,139,74,88,53,92,47,84,187,128
873,106,111,97,106,94,94,99,110,94,107,99
874,227,44,109,75,78,51,111,49,280,99,97
875,221,48,173,73,80,55,111,33,89,192,130
876,102,108,95,113,109,108,108,101,113,96,103
877,195,43,140,82,81,53,114,39,85,166,137
878,186,64,168,59,85,58,115,40,89,195,99
879,78,99,106,95,105,121,92,88,94,101,98
880,181,35,150,77,97,66,102,31,98,165,127
881,116,93,113,96,98,101,106,115,101,92,98
882,189,52,149,64,98,77,81,54,72,174,132
883,109,107,86,111,105,118,81,102,106,111,110
884,205,43,135,73,84,52,91,29,97,172,120
885,111,111,98,111,104,116,81,107,98,102,100
886,119,105,91,94,102,105,98,101,108,86,82
887,92,90,101,89,108,101,100,82,107,76,104
888,232,47,154,71,94,52,91,45,107,166,109
889,92,95,110,102,109,103,102,99,116,113,112
890,86,102,86,89,92,107,106,92,99,92,94
891,211,54,137,62,107,62,114,32,106,162,119
892,196,58,168,63,92,61,110,45,95,195,122
893,119,112,109,106,98,94,111,101,111,101,99
894,88,102,107,84,111,104,104,94,90,119,96
895,100,91,91,92,101,92,105,85,99,88,82
896,204,36,139,63,80,70,91,42,79,188,124
897,118,104,95,106,107,96,94,91,120,87,105
898,94,87,103,97,88,119,112,88,100,102,98
899,98,106,101,94,122,90,94,91,90,102,98
900,214,53,122,70,84,61,92,34,79,152,114
901,95,93,86,96,96,94,89,101,84,95,105
902,182,47,157,74,93,66,104,38,86,190,125
903,209,61,160,65,95,42,94,58,92,158,120
904,118,97,97,104,103,103,120,95,95,104,93
905,96,95,105,98,82,94,112,92,100,99,86
906,106,95,95,100,91,89,91,94,99,106,93
907,91,116,101,88,102,103,104,101,104,102,87
908,131,85,97,92,104,120,101,94,98,94,104
909,98,107,88,98,99,122,95,116,121,103,113
910,102,85,94,71,74,110,88,100,100,122,118
911,203,69,151,73,83,63,110,36,100,163,113
912,235,50,111,78,77,43,110,48,284,91,101
913,205,34,150,77,86,57,95,35,107,163,105
914,201,41,133,63,86,60,99,48,95,189,105
915,100,108,90,85,104,100,94,84,91,93,110
916,86,97,99,110,104,95,98,94,97,114,105
917,197,60,139,62,101,48,100,41,93,190,121
918,100,83,103,102,93,90,103,108,109,111,93
919,201,41,165,63,86,51,112,36,76,201,110
920,105,100,96,100,114,93,111,97,107,92,102
921,189,44,150,70,92,76,112,43,101,155,124
922,94,113,92,101,108,123,96,112,102,77,105
923,97,90,96,94,105,102,102,102,95,79,114
924,211,45,138,64,87,48,117,47,94,182,109
925,196,42,145,75,67,56,91,34,101,169,117
926,106,86,102,105,86,82,114,101,85,89,102
927,223,56,151,60,89,68,106,31,101,176,115
928,206,47,157,69,86,78,106,36,88,186,108
929,88,96,97,85,98,97,110,90,110,82,99
930,198,58,155,73,80,74,95,36,76,185,114
931,117,90,80,98,83,100,102,84,110,112,115
932,195,45,147,67,77,54,99,42,90,194,120
933,192,56,146,62,90,74,96,40,90,184,126
934,98,93,103,97,115,104,92,95,83,104,113
935,189,62,153,74,89,70,92,39,88,176,126
936,110,104,101,104,104,105,100,88,90,97,111
937,94,109,97,108,95,109,93,98,107,100,98
938,198,58,153,64,91,56,107,39,80,203,126
939,105,96,104,103,116,104,102,95,98,100,112
940,84,105,102,119,121,100,94,110,110,112,90
941,107,109,105,93,92,100,91,112,93,108,101
942,77,98,101,118,101,95,109,93,98,108,86
943,110,104,101,117,101,106,112,96,101,103,104
944,91,93,91,112,102,105,90,106,98,101,98
945,123,100,93,102,91,103,103,113,125,94,103
946,204,44,162,62,81,69,98,41,82,175,132
947,96,82,111,124,105,87,109,104,118,77,106
948,201,55,151,80,92,49,90,48,85,207,116
949,201,47,143,66,90,57,100,51,97,177,122
950,238,45,106,65,75,53,103,40,273,114,97
951,105,87,92,105,105,103,105,93,90,103,105
952,205,36,154,71,68,60,110,38,99,167,121
953,108,105,86,120,98,100,106,101,105,102,91
954,216,49,148,59,88,55,96,41,95,186,118
955,200,71,134,56,92,44,93,48,72,202,126
956,186,56,142,74,104,61,87,45,79,180,123
957,97,94,121,99,87,99,94,89,110,93,108
958,209,46,143,62,86,52,98,34,95,168,129
959,192,52,133,78,85,71,116,49,93,175,97
960,214,64,137,78,94,62,100,30,99,174,124
961,115,117,105,94,94,107,105,94,114,104,103
962,182,53,133,67,95,61,92,29,95,163,113
963,209,51,154,69,85,63,95,42,89,214,134
964,103,111,116,102,107,113,83,101,99,100,95
965,176,47,145,71,99,68,108,37,96,206,114
966,195,67,155,72,90,66,98,37,88,173,96
967,105,87,90,118,97,110,102,129,95,105,102
968,180,52,140,74,88,53,100,44,97,179,109
969,201,42,150,68,84,60,97,56,78,190,126
970,97,111,94,117,105,112,109,106,113,96,109
971,121,107,89,103,105,108,96,108,89,111,97
972,190,59,131,77,91,52,99,43,97,177,116
973,219,57,157,57,85,60,101,40,91,182,126
974,223,52,168,83,86,74,102,34,82,179,127
975,104,108,105,106,95,97,94,90,114,109,108
976,101,102,100,93,104,94,100,104,115,92,88
977,176,58,142,60,88,47,117,42,92,171,117
978,78,120,109,104,107,115,96,96,91,104,103
979,200,50,131,66,78,64,104,46,99,174,123
980,85,98,96,102,100,112,93,96,104,80,106
981,187,54,170,77,95,59,106,32,99,198,119
982,168,47,132,70,91,66,121,44,78,199,110
983,112,96,99,99,104,91,127,99,98,118,110
984,214,61,162,70,109,62,99,40,107,177,120
985,181,54,175,78,80,53,100,38,87,167,111
986,199,54,159,78,93,62,103,38,87,200,122
987,85,98,98,105,98,82,105,94,106,104,89
988,196,52,151,67,78,57,93,38,84,166,123
989,91,94,87,94,71,107,113,103,92,102,84
990,110,114,100,106,93,93,104,110,85,93,101
991,214,52,147,74,91,70,98,36,85,173,111
992,107,106,83,89,86,107,84,100,130,117,100
993,204,52,142,57,87,56,98,40,80,153,125
994,106,101,92,100,86,101,96,80,106,111,97
995,220,60,153,63,81,43,88,37,101,166,108
996,89,93,89,111,113,95,107,100,107,86,108
997,94,103,115,101,113,82,106,103,91,104,104
998,184,54,152,78,82,64,107,49,86,181,127
999,82,94,96,88,100,87,109,112,112,102,97
1000,207,53,151,67,99,57,105,55,71,165,108
1001,179,40,158,68,94,68,110,49,85,159,111
1002,82,110,101,91,105,95,105,107,108,94,87
1003,207,44,140,63,78,48,111,50,265,94,108
1004,88,106,98,95,95,93,109,109,103,113,113
1005,195,61,158,55,104,78,112,39,95,195,118
1006,185,45,160,61,87,70,114,37,89,172,129
1007,118,73,96,70,101,108,93,108,287,54,90
1008,98,99,106,81,93,113,79,110,98,100,109
1009,106,86,98,102,92,91,95,105,98,100,101
1010,116,107,101,100,88,112,101,91,96,108,91
1011,191,50,169,56,102,54,96,34,83,187,103
1012,215,47,148,80,97,55,92,49,98,194,115
1013,105,81,106,74,115,88,80,94,93,102,101
1014,97,96,94,103,92,121,100,92,100,93,102
1015,116,112,93,97,93,111,78,88,101,97,95
1016,92,116,102,101,106,101,105,106,92,94,123
1017,124,118,103,118,108,112,78,98,99,101,90
1018,215,57,149,64,102,70,94,33,101,158,124
1019,116,93,82,113,86,108,93,111,96,92,98
1020,106,92,94,95,91,94,110,103,80,113,103
1021,120,104,102,100,100,103,110,79,91,101,115
1022,217,56,141,69,111,70,109,45,101,219,126
1023,182,45,149,70,87,60,101,37,92,186,117
1024,90,81,91,107,101,107,104,93,111,126,106
1025,198,53,173,72,88,56,101,37,85,170,113
1026,226,57,149,67,84,45,92,29,89,165,127
1027,108,102,92,111,97,104,101,97,93,109,96
1028,206,49,138,83,87,65,102,48,93,196,132
1029,200,46,156,69,87,52,100,34,79,162,129
1030,197,49,151,64,109,59,90,43,91,182,130
1031,117,86,101,114,111,107,97,92,93,93,90
1032,92,113,111,99,101,109,109,112,97,84,98
1033,97,83,89,88,95,91,98,117,78,114,92
1034,95,91,102,101,111,95,96,112,102,101,86
1035,203,55,166,53,88,58,107,38,91,162,134
1036,198,50,128,72,87,59,104,43,75,185,121
1037,83,101,97,78,94,99,105,95,98,104,100
1038,100,96,108,87,103,106,93,117,107,108,92
1039,98,101,100,103,89,103,106,106,97,83,98
1040,184,42,143,66,78,61,92,35,80,169,121
1041,93,106,102,101,112,114,102,105,110,100,84
1042,213,54,161,54,69,75,98,45,80,184,132
1043,88,86,112,98,113,107,93,107,105,90,92
1044,98,81,100,118,92,95,101,103,117,97,105
1045,205,46,128,53,78,64,118,35,268,102,103
1046,170,52,153,73,80,64,91,32,86,169,102
1047,86,114,95,105,101,81,91,101,105,96,113
1048,197,58,146,64,102,56,91,42,92,179,95
1049,178,54,148,68,89,52,106,44,89,191,93
1050,179,57,122,65,107,68,98,42,74,215,114
1051,95,114,96,106,105,114,93,107,106,101,100
1052,109,79,103,102,94,91,113,94,97,99,93
1053,210,39,139,82,94,53,93,34,85,180,117
1054,209,63,170,79,89,59,92,42,82,184,125
1055,201,57,174,69,88,49,99,57,83,176,112
1056,96,87,87,105,97,112,109,96,99,98,108
1057,200,45,127,67,97,55,96,58,91,215,129
1058,102,106,91,113,110,108,117,99,95,112,100
1059,204,42,148,72,85,60,106,43,89,170,126
1060,205,44,161,63,105,63,101,40,108,196,114
1061,200,49,151,79,79,76,108,39,90,194,114
1062,190,65,135,59,91,62,104,36,92,178,128
1063,90,126,109,87,81,94,114,87,104,87,88
1064,188,69,155,63,85,64,115,39,80,185,109
1065,204,47,148,67,80,62,108,35,86,168,109
1066,216,55,143,64,82,52,106,46,94,204,127
1067,202,45,139,61,95,51,97,39,82,181,124
1068,210,49,154,73,88,52,107,45,90,189,112
1069,113,88,92,104,110,86,88,110,95,93,94
1070,99,123,102,90,95,103,107,104,102,114,110
1071,108,93,104,117,95,108,115,103,105,102,111
1072,173,55,160,70,114,59,98,38,87,197,102
1073,198,49,136,70,99,55,102,41,98,204,115
1074,93,128,99,116,94,121,101,103,102,97,101
1075,82,115,97,76,87,85,112,102,104,89,96
1076,91,80,81,96,84,95,85,95,120,95,110
1077,113,99,88,100,86,109,79,92,91,115,97
1078,112,97,114,105,95,101,108,87,109,83,90
1079,110,120,109,74,105,108,90,107,101,97,97
1080,102,96,131,84,92,98,103,99,91,110,105
1081,84,101,99,102,105,108,129,97,115,113,85
1082,98,99,98,91,106,97,97,92,97,110,114
1083,103,123,98,99,91,88,97,103,90,99,101
1084,185,54,145,70,95,60,89,34,89,188,107
1085,203,57,165,81,79,69,106,36,72,186,115
1086,200,48,162,51,100,61,103,45,99,177,101
1087,101,99,94,110,93,104,93,95,85,104,117
1088,109,101,105,115,97,105,101,92,100,101,95
1089,102,102,105,117,95,101,91,114,101,111,106
1090,198,47,157,73,74,63,104,33,93,188,141
1091,202,47,137,73,77,52,93,49,88,187,115
1092,98,110,98,116,104,117,100,104,103,85,110
1093,208,46,144,65,105,70,111,43,80,157,127
1094,202,53,139,65,94,66,108,30,87,158,121
1095,104,99,94,96,94,114,106,91,92,89,88
1096,174,46,148,75,110,55,104,35,96,151,131
1097,210,35,144,74,90,58,91,42,93,174,123
1098,98,108,121,99,105,90,107,105,100,108,100
1099,213,44,153,65,87,58,97,24,88,185,116
1100,117,113,105,98,108,101,105,93,90,92,102
1101,191,50,157,83,85,61,87,34,101,195,145
1102,194,37,154,68,88,52,98,36,80,184,139
1103,209,43,152,69,84,54,98,42,108,204,120
1104,215,45,133,62,96,61,89,34,78,189,125
1105,105,114,83,94,96,107,109,118,86,97,90
1106,216,40,155,96,91,75,100,37,80,180,127
1107,200,56,140,71,78,49,103,40,96,191,119
1108,115,99,112,98,86,97,114,81,105,92,91
1109,178,58,124,71,80,55,99,45,97,170,109
1110,188,43,145,76,97,62,99,43,90,195,118
1111,214,40,133,82,79,59,98,49,75,178,100
1112,198,36,136,59,86,62,105,47,85,177,100
1113,101,82,101,77,80,84,111,110,299,52,76
1114,205,47,141,67,80,63,115,47,84,155,117
1115,195,58,168,66,86,63,108,49,80,188,113
1116,110,85,106,100,99,105,86,100,94,117,93
1117,192,55,158,60,85,72,114,32,79,183,129
1118,218,59,133,63,86,64,102,28,97,167,124
1119,105,96,89,109,96,105,105,84,87,86,88
1120,117,94,94,105,102,94,92,109,109,95,112
1121,84,93,87,108,96,103,104,93,97,90,99
1122,211,44,131,67,89,54,107,28,289,102,90
1123,98,107,101,97,87,101,98,107,104,100,115
1124,207,53,172,64,103,52,103,29,91,184,133
1125,187,52,124,81,74,54,95,32,98,192,127
1126,91,105,103,101,100,84,110,90,86,90,94
1127,86,99,101,107,87,106,88,110,94,102,113
1128,223,49,140,78,91,57,86,42,91,173,135
1129,191,49,135,66,95,49,104,44,84,191,134
1130,186,51,148,58,85,69,108,40,88,181,109
1131,186,58,136,71,91,59,110,38,93,166,130
1132,183,47,138,80,85,54,101,26,86,203,120
1133,188,64,169,78,85,60,100,42,106,193,113
1134,203,51,152,79,96,60,101,42,91,170,119
1135,171,53,149,64,69,54,91,30,93,189,106
1136,109,101,116,104,120,93,92,112,98,91,90
1137,101,103,101,101,104,105,107,101,106,126,90
1138,92,93,90,100,94,81,98,100,95,96,83
1139,108,91,90,106,92,98,103,97,104,114,103
1140,108,96,99,84,104,102,110,107,93,94,103
1141,219,55,160,67,99,46,88,49,101,165,117
1142,97,87,90,102,102,96,99,83,102,102,97
1143,202,45,144,61,87,55,88,32,89,168,133
1144,95,92,100,98,100,94,112,99,95,99,104
1145,202,54,144,64,97,49,102,33,96,170,127
1146,217,51,152,72,83,62,103,25,82,180,107
1147,214,45,135,65,93,61,95,35,79,184,108
1148,221,51,137,56,95,59,104,40,105,173,128
1149,96,104,116,89,110,111,113,94,118,98,115
1150,111,109,112,115,111,102,97,98,100,94,110
1151,91,115,102,97,95,104,109,109,95,112,100
1152,106,106,96,93,101,101,93,113,76,74,94
1153,99,99,103,109,119,103,108,93,103,104,90
1154,86,83,110,89,100,100,102,88,108,91,95
1155,206,48,155,85,87,50,98,39,89,161,101
1156,196,48,151,72,103,59,109,38,76,163,116
1157,202,56,161,71,100,72,109,46,101,177,121
1158,175,44,171,79,83,62,96,38,87,182,116
1159,201,53,154,75,119,60,109,46,107,183,141
1160,206,55,160,57,85,59,95,36,94,189,111
1161,107,124,129,116,91,92,101,100,102,109,94
1162,185,50,147,62,69,71,95,31,94,185,117
1163,216,38,147,67,71,52,114,41,94,176,116
1164,112,102,94,100,100,97,110,96,105,90,92
1165,188,41,149,76,89,52,98,39,100,169,124
1166,93,99,100,101,118,100,94,123,100,109,94
1167,103,106,108,104,101,111,107,100,93,99,110
1168,216,56,168,72,103,65,119,36,91,190,108
1169,109,90,74,99,83,73,100,95,276,53,82
1170,86,104,103,90,100,91,99,84,96,85,87
1171,198,50,177,66,94,49,104,35,94,184,137
1172,105,110,108,91,103,98,83,104,88,94,102
1173,182,50,147,61,95,61,87,34,85,187,121
1174,105,83,110,108,85,92,94,119,89,92,92
1175,195,44,141,56,88,47,102,40,106,173,129
1176,92,97,94,102,108,93,100,107,110,91,85
1177,101,99,112,93,97,91,112,97,102,123,84
1178,228,66,127,81,68,55,96,40,79,164,129
1179,201,48,153,61,106,61,99,38,81,202,123
1180,105,91,88,79,89,89,113,106,323,78,81
1181,186,50,153,79,86,75,107,30,107,179,120
1182,98,91,86,107,103,104,100,113,97,103,101
1183,207,56,171,71,82,58,104,41,100,186,133
1184,114,104,101,105,105,108,110,111,95,106,90
1185,126,112,104,104,108,124,91,111,90,86,96
1186,112,109,109,92,88,95,106,118,103,106,96
1187,196,45,138,85,102,52,86,32,104,196,117
1188,98,113,87,94,108,97,108,100,95,100,103
1189,190,49,141,69,103,50,93,37,82,172,126
1190,103,113,108,119,74,108,95,105,86,98,95
1191,85,99,99,101,92,85,96,86,107,87,102
1192,99,89,105,121,90,91,107,102,94,94,111
1193,233,56,169,70,107,74,101,46,87,197,110
1194,113,102,102,106,97,96,111,104,108,113,117
1195,193,46,149,59,95,51,99,42,80,187,116
1196,94,99,109,119,103,94,90,95,95,96,93
1197,112,107,114,102,121,103,94,107,95,98,96
1198,206,62,161,64,83,62,113,35,99,216,130
1199,107,109,99,99,96,106,98,98,95,91,113
1200,188,42,145,76,85,62,93,33,101,180,127
1201,104,77,102,104,106,115,106,96,110,100,96
1202,180,43,178,67,87,63,96,34,83,177,127
1203,92,91,93,90,115,96,116,107,104,87,84
1204,120,98,89,90,93,91,107,85,88,86,109
1205,107,94,106,89,100,108,78,110,82,100,95
1206,212,47,148,75,98,63,85,34,87,192,120
1207,215,41,146,77,102,60,84,39,83,173,115
1208,181,53,150,81,95,54,105,55,97,174,109
1209,199,62,154,78,81,52,101,38,73,150,109
1210,83,95,103,107,110,111,100,101,94,99,101
1211,189,50,159,79,84,59,103,37,93,188,148
1212,232,47,124,62,89,52,101,50,77,204,112
1213,196,52,139,58,89,52,107,42,84,195,115
1214,200,48,114,63,102,60,98,58,93,181,130
1215,200,59,169,67,86,58,99,42,106,186,117
1216,219,36,126,78,68,57,114,36,293,120,99
1217,214,55,164,71,104,74,108,33,87,156,125
1218,93,120,112,100,112,95,95,99,97,97,129
1219,217,54,136,76,93,66,88,41,80,160,127
1220,97,117,104,104,96,91,114,98,91,109,101
1221,197,51,135,59,98,56,103,27,88,166,131
1222,101,120,103,118,115,95,114,88,99,109,115
1223,200,51,166,84,81,57,101,42,93,184,119
1224,197,42,148,68,92,54,96,44,89,177,121
1225,117,90,89,102,91,89,102,117,93,110,98
1226,194,52,158,60,79,62,106,33,80,203,134
1227,228,43,147,65,75,58,83,30,83,187,132
1228,95,110,127,100,93,91,100,89,95,94,87
1229,184,60,137,57,80,55,105,27,100,170,110
1230,203,45,168,76,89,54,89,38,100,171,108
1231,191,55,127,65,79,57,104,47,106,162,105
1232,216,46,121,69,87,46,97,42,274,104,86
1233,198,49,137,59,92,57,95,50,92,174,116
1234,96,101,98,90,95,118,103,113,100,81,114
1235,190,55,157,67,96,62,94,37,93,172,123
1236,180,40,151,82,90,53,93,43,92,204,128
1237,105,87,99,104,98,88,114,105,88,82,89
1238,198,52,153,68,98,63,106,46,82,182,121
1239,174,52,155,57,115,59,93,40,102,164,111
1240,199,57,161,67,86,58,88,47,94,176,129
1241,206,54,158,71,95,62,85,46,84,174,120
1242,198,44,119,66,96,54,99,30,90,162,125
1243,231,45,164,71,79,56,105,34,86,178,115
1244,217,42,139,71,92,59,88,52,77,189,127
1245,81,94,88,85,109,106,93,106,91,112,101
1246,217,46,149,63,88,69,128,52,96,185,117
1247,101,112,105,107,99,88,103,105,101,109,83
1248,111,109,112,93,91,101,111,92,101,93,119
1249,178,56,139,66,81,66,96,41,85,194,117
1250,114,81,88,92,97,98,100,85,107,103,83
1251,202,43,136,81,96,49,108,37,105,182,116
1252,178,33,166,59,73,57,94,40,93,193,121
1253,202,44,154,57,95,59,112,34,86,180,132
1254,92,108,111,98,99,85,103,109,85,106,112
1255,95,110,90,109,101,117,100,96,115,91,90
1256,107,84,101,88,106,105,112,114,116,98,94
1257,94,109,106,92,127,112,99,94,99,93,92
1258,98,120,88,113,109,97,123,111,101,111,104
1259,193,59,128,71,90,56,104,49,91,188,147
1260,84,106,92,76,99,83,99,96,91,107,88
1261,105,94,86,87,91,82,122,108,79,113,81
1262,195,53,155,56,127,60,99,31,76,195,101
1263,109,92,121,93,95,97,111,97,98,104,96
1264,220,50,127,74,90,49,98,54,263,100,93
1265,182,54,174,69,90,54,95,49,75,183,129
1266,172,52,152,66,87,65,113,33,98,223,104
1267,205,61,163,62,71,47,104,39,92,194,131
1268,196,49,155,74,88,66,101,40,90,186,124
1269,108,78,80,98,81,101,95,109,310,53,73
1270,129,98,109,105,110,103,94,92,110,104,84
1271,125,108,107,94,98,118,100,113,105,114,110
1272,200,41,172,74,89,53,92,40,108,192,112
1273,199,58,148,68,86,85,118,38,103,163,122
1274,186,49,153,69,91,62,115,43,101,177,131
1275,113,91,71,91,101,95,110,115,314,53,89
1276,192,53,150,79,81,53,102,39,87,214,119
1277,107,83,97,101,113,99,98,81,97,110,112
1278,115,110,95,117,103,96,80,89,94,106,107
1279,186,41,142,87,83,65,87,40,97,168,123
1280,89,104,105,111,96,91,107,92,114,100,104
1281,92,98,101,112,102,90,101,93,95,97,78
1282,193,41,156,69,82,59,85,32,74,168,121
1283,168,56,148,63,101,56,97,48,85,188,111
1284,176,53,157,76,85,56,96,41,93,176,115
1285,185,49,148,98,102,49,85,39,82,179,130
1286,200,57,139,71,76,54,116,28,98,169,123
1287,103,104,104,114,115,93,96,107,110,103,72
1288,106,99,97,90,81,109,90,105,109,112,93
1289,111,96,99,104,110,96,102,97,95,106,107
1290,215,50,147,71,96,64,113,42,98,156,126
1291,97,92,82,102,100,116,90,92,97,110,96
1292,89,103,95,87,114,93,101,114,102,97,127
1293,194,49,157,81,87,57,98,37,97,195,122
1294,199,48,161,74,100,59,88,34,88,196,106
1295,92,117,99,96,98,77,109,109,100,84,100
1296,117,99,112,87,100,105,99,81,102,102,104
1297,95,106,96,85,103,102,86,104,105,121,105
1298,83,112,116,106,92,97,99,96,93,104,104
1299,196,52,153,71,86,51,98,35,101,180,128
1300,98,96,114,89,87,109,107,90,98,104,77
1301,211,41,154,60,89,48,101,47,78,187,131
1302,99,101,89,108,95,102,97,86,126,106,98
1303,225,48,151,64,96,73,99,41,83,176,127
1304,105,102,109,113,96,103,90,96,88,109,102
1305,177,46,142,59,72,69,108,42,89,200,117
1306,216,59,196,78,83,63,100,49,85,177,117
1307,184,50,133,73,87,59,112,32,83,175,118
1308,233,59,141,63,70,52,96,41,102,212,125
1309,111,103,112,98,111,103,112,100,98,98,109
1310,198,45,142,53,74,64,117,37,77,197,113
1311,108,121,112,105,104,99,103,106,86,101,90
1312,97,101,115,110,101,90,104,91,91,94,108
1313,97,101,119,98,84,85,106,108,106,82,93
1314,188,50,158,50,75,73,73,29,95,160,116
1315,200,53,150,71,81,57,96,47,94,196,103
1316,87,91,110,122,93,106,84,89,107,99,119
1317,103,113,85,109,85,104,102,89,99,101,88
1318,189,51,144,69,81,51,122,53,84,168,108
1319,90,106,100,101,98,99,105,98,100,90,86
1320,217,38,164,62,93,55,105,43,84,180,107
1321,205,54,137,74,84,52,101,50,92,189,123
1322,112,99,108,94,79,93,98,97,106,100,89
1323,225,54,149,71,107,63,104,42,96,161,121
1324,189,58,144,64,87,61,100,43,73,194,111
1325,106,104,109,94,99,105,81,112,98,88,123
1326,182,45,159,72,91,60,108,34,96,174,107
1327,123,98,100,106,86,88,80,99,85,110,101
1328,175,44,130,67,82,74,121,44,91,189,116
1329,215,40,127,53,85,44,113,40,98,172,120
1330,83,103,115,88,112,119,124,104,103,78,115
1331,211,47,152,65,101,57,102,40,78,184,117
1332,203,46,146,70,76,60,94,43,94,193,126
1333,220,51,145,74,85,60,97,34,72,187,115
1334,196,41,153,69,87,52,98,55,75,159,115
1335,100,99,103,93,97,102,95,102,104,104,101
1336,174,48,151,78,84,59,86,40,93,163,98
1337,195,47,120,69,91,57,90,52,89,173,121
1338,197,53,164,81,100,55,95,36,89,203,114
1339,98,112,97,113,99,100,109,101,94,106,99
1340,92,102,94,91,107,107,105,90,81,92,91
1341,103,105,88,132,107,89,93,111,96,92,102
1342,87,104,94,92,100,113,107,100,93,93,91
1343,109,112,107,88,101,107,104,88,99,99,92
1344,204,49,124,72,97,67,108,37,84,174,101
1345,232,58,166,63,100,59,98,42,74,196,135
1346,214,45,161,67,88,51,88,30,100,188,109
1347,201,44,149,73,87,55,86,41,98,166,123
1348,89,95,102,97,83,98,95,101,100,102,103
1349,201,54,165,65,96,55,105,29,90,188,121
1350,102,102,100,120,93,93,107,96,107,85,104
1351,95,99,86,95,99,115,88,86,108,95,104
1352,201,44,171,66,91,61,121,40,97,199,124
1353,110,95,107,113,107,104,126,107,102,124,104
1354,201,39,153,67,84,46,118,34,87,182,104
1355,105,95,96,87,105,95,84,95,105,100,96
1356,174,44,153,63,83,57,113,30,86,184,109
1357,127,95,109,106,112,94,102,103,100,105,119
1358,198,63,148,64,93,74,108,33,99,188,123
1359,111,74,101,99,95,96,101,85,98,100,89
1360,193,54,144,81,80,58,98,38,92,185,105
1361,110,85,102,90,86,101,132,91,121,106,93
1362,192,48,154,74,89,56,104,44,97,200,100
1363,201,43,143,74,67,76,92,39,76,180,111
1364,204,47,143,68,116,72,115,35,89,169,117
1365,208,44,155,81,94,59,99,37,70,171,103
1366,99,106,115,112,109,98,95,99,109,93,98
1367,115,98,97,109,106,112,85,85,107,101,100
1368,213,48,160,77,77,59,117,23,101,170,128
1369,181,43,136,62,108,65,100,39,89,179,120
1370,202,56,171,85,79,58,99,46,88,187,140
1371,175,48,156,65,97,80,90,43,99,181,131
1372,106,110,112,117,103,102,85,75,109,102,98
1373,111,95,98,108,99,96,106,112,101,95,103
1374,111,91,98,94,90,97,111,88,99,102,91
1375,200,51,151,61,90,59,108,34,66,171,110
1376,99,109,106,110,96,90,87,103,101,89,96
1377,215,53,149,79,94,56,87,40,109,189,99
1378,183,56,152,61,82,60,93,43,121,149,122
1379,94,113,95,89,101,112,112,106,97,100,121
1380,200,50,155,80,99,55,92,40,87,178,126
1381,119,88,92,88,84,87,110,108,304,66,72
1382,82,109,94,94,102,127,107,107,102,124,70
1383,109,97,121,96,119,86,96,105,100,115,102
1384,194,56,140,83,89,65,91,35,91,201,115
1385,190,50,156,84,110,64,117,32,87,188,111
1386,216,46,144,78,84,74,90,41,98,187,122
1387,94,94,106,112,108,104,81,109,97,97,118
1388,108,124,88,97,105,71,113,89,91,123,97
1389,105,100,105,105,112,84,103,108,94,102,97
1390,95,83,95,105,98,104,104,102,96,85,99
1391,183,40,143,74,97,52,85,34,87,179,108
1392,93,98,86,93,104,98,87,106,96,117,88
1393,92,111,97,95,107,123,103,103,118,101,93
1394,111,93,93,95,110,100,105,103,96,92,121
1395,185,59,173,71,86,65,109,42,86,206,110
1396,118,90,107,110,82,100,104,105,106,101,86
1397,91,95,95,103,101,90,99,94,100,91,114
1398,95,91,83,76,82,90,104,102,295,54,69
1399,91,97,109,94,87,93,96,94,94,94,92
1400,181,53,145,57,89,48,103,35,85,183,111
1401,196,49,140,61,80,48,94,29,101,188,121
1402,202,54,131,55,88,61,85,47,94,177,123
1403,104,89,121,87,108,95,103,91,101,104,91
1404,208,50,178,58,91,63,100,47,103,157,113
1405,105,102,71,102,102,77,93,108,281,59,80
1406,106,93,103,75,106,98,93,124,99,104,105
1407,117,100,100,98,111,104,106,101,95,120,100
1408,94,95,97,97,107,97,111,84,97,83,102
1409,115,107,112,106,100,100,113,96,79,95,107
1410,189,66,134,64,90,52,96,51,95,178,130
1411,91,126,92,97,102,103,105,87,85,100,105
1412,108,101,116,100,97,83,108,103,99,97,71
1413,214,61,167,69,96,52,89,43,104,198,116
1414,191,49,147,91,101,57,90,43,96,179,127
1415,92,94,101,95,79,104,105,106,100,78,95
1416,211,47,140,83,100,59,115,50,73,189,116
1417,102,103,87,96,95,97,97,102,123,98,121
1418,198,49,163,70,85,66,103,58,90,147,118
1419,211,61,151,71,115,60,90,31,78,202,134
1420,205,41,149,59,83,55,134,32,264,118,100
1421,121,97,73,99,89,98,109,97,290,74,86
1422,77,91,121,113,88,112,103,106,109,87,95
1423,98,97,100,119,98,119,99,111,123,102,101
1424,202,59,151,78,91,47,106,42,97,192,131
1425,97,113,89,94,116,94,99,95,97,106,93
1426,95,109,109,113,102,117,92,113,103,84,110
1427,192,61,138,74,93,64,85,39,79,169,113
1428,170,43,174,71,88,56,98,40,88,172,126
1429,189,57,171,69,83,53,95,42,96,194,125
1430,197,52,147,82,88,52,119,43,94,168,136
1431,227,62,174,56,100,63,123,46,79,204,133
1432,114,102,98,85,100,106,99,109,102,80,97
1433,94,118,107,103,93,84,95,108,104,100,104
1434,198,46,146,72,84,61,100,33,82,165,94
1435,225,42,155,76,84,64,89,43,88,184,118
1436,186,54,138,51,86,58,107,39,88,200,134
1437,119,94,94,83,91,111,106,94,88,92,105
1438,184,51,157,85,84,64,88,38,87,201,121
1439,196,50,152,73,97,67,94,45,81,145,116
1440,178,46,146,77,79,66,92,32,85,196,120
1441,172,52,132,70,83,58,97,35,84,185,128
1442,122,110,78,89,97,98,91,103,110,93,114
1443,116,91,93,107,95,72,109,100,310,56,99
1444,86,91,97,93,105,95,96,92,118,98,108
1445,193,49,148,61,90,77,108,43,70,191,100
1446,81,98,97,108,93,87,107,108,101,108,111
1447,202,46,134,70,81,71,95,37,100,174,126
1448,105,106,133,111,96,102,107,99,99,89,97
1449,85,102,84,91,112,77,85,107,101,119,118
1450,102,102,107,102,102,90,111,83,97,97,100
1451,114,85,108,102,83,105,95,86,108,117,99
1452,99,93,101,86,102,100,108,93,107,109,98
1453,109,99,101,79,115,95,111,93,109,102,102
1454,82,92,90,96,87,107,94,99,101,128,98
1455,105,97,96,88,104,94,111,108,96,98,106
1456,111,105,121,93,93,99,100,110,113,98,104
1457,112,106,88,94,88,110,104,75,94,77,107
1458,103,88,105,113,94,94,94,93,106,105,88
1459,234,47,135,73,89,81,85,35,86,164,121
1460,90,93,101,87,95,73,87,122,118,82,96
1461,202,56,139,67,89,54,116,32,99,202,129
1462,182,51,147,58,97,63,94,39,85,180,118
1463,211,40,119,51,76,55,101,36,103,150,132
1464,94,83,94,85,103,100,103,98,100,73,116
1465,108,85,116,76,97,97,114,118,92,105,106
1466,85,111,119,119,100,104,94,89,117,106,115
1467,99,98,92,92,88,94,117,109,91,97,113
1468,108,107,91,93,107,102,112,99,103,94,93
1469,76,87,102,106,99,103,97,105,105,100,80
1470,193,60,126,62,96,57,99,31,82,212,129
1471,186,44,152,78,93,59,95,32,91,173,114
1472,194,52,149,69,87,41,84,35,82,185,93
1473,91,113,94,88,95,113,116,93,104,80,96
1474,102,89,111,96,104,116,112,103,91,114,104
1475,97,112,93,117,115,96,111,104,90,100,96
1476,96,91,102,91,97,94,98,94,111,91,89
1477,118,115,95,90,94,107,109,111,111,88,90
1478,186,48,149,56,106,54,96,40,89,170,99
1479,205,56,145,71,90,66,102,36,106,193,121
1480,180,45,163,63,102,52,112,34,97,189,128
1481,101,84,98,107,108,104,99,103,88,89,98
1482,194,47,144,77,103,50,87,34,99,183,125
1483,101,96,103,93,109,92,115,109,108,124,109
1484,195,45,151,72,99,49,78,46,72,189,116
1485,92,101,91,103,81,104,93,86,103,103,102
1486,108,86,97,103,93,98,111,106,100,105,97
1487,114,100,116,105,98,114,102,102,87,100,90
1488,221,47,141,75,98,48,107,36,94,179,125
1489,101,90,90,115,98,113,85,97,95,121,97
1490,106,84,114,102,111,106,95,97,83,86,112
1491,183,51,164,65,86,61,106,39,94,182,104
1492,224,45,142,64,90,63,91,37,102,189,112
1493,89,96,109,98,105,95,100,106,84,99,99
1494,185,54,137,62,89,55,109,34,87,207,136
1495,163,57,135,65,81,70,94,34,92,175,124
1496,178,42,142,81,93,66,91,44,96,174,124
1497,198,39,129,66,87,59,93,44,97,215,111
1498,94,101,95,100,92,124,109,100,90,101,119
1499,178,56,160,68,104,67,101,43,96,176,138
1500,99,119,94,80,116,108,119,87,113,102,106
1501,224,57,163,77,87,52,108,49,71,160,106
1502,101,94,103,97,123,90,88,99,95,81,68
1503,216,65,129,68,86,60,98,50,101,187,103
1504,218,50,116,71,83,67,120,33,283,103,79
1505,192,52,144,76,89,65,102,41,90,169,118
1506,221,45,132,79,116,65,87,29,87,187,137
1507,204,58,145,70,83,58,97,44,117,174,115
1508,111,91,97,107,85,97,89,88,100,109,83
1509,104,100,95,105,100,114,107,89,107,98,98
1510,203,47,142,74,91,50,84,31,91,191,128
1511,110,99,101,93,94,103,104,110,106,101,85
1512,116,92,97,118,100,101,91,97,92,104,90
1513,209,45,126,71,90,56,104,37,96,158,133
1514,80,92,110,97,80,105,107,89,100,99,81
1515,117,98,102,108,110,105,92,106,99,112,95
1516,108,108,109,105,110,105,100,93,104,106,92
1517,100,113,104,76,85,108,107,90,109,94,97
1518,208,63,156,61,80,49,110,48,77,189,125
1519,189,47,155,73,84,75,91,43,95,207,125
1520,201,41,141,74,93,57,113,49,104,180,133
1521,180,46,144,61,113,67,94,38,87,168,118
1522,198,62,159,65,87,72,108,45,94,189,105
1523,193,52,167,72,92,62,122,35,98,170,146
1524,106,112,87,90,106,99,116,100,102,92,92
1525,107,105,90,100,109,107,85,102,101,106,102
1526,180,61,145,56,86,54,118,47,74,169,107
1527,91,80,93,105,98,102,95,112,110,117,94
1528,193,41,138,71,107,62,67,44,89,195,113
1529,100,108,104,113,102,99,95,109,101,101,108
1530,199,59,164,59,81,45,97,45,98,180,110
1531,218,53,132,80,90,63,112,54,96,214,137
1532,102,110,82,104,85,86,96,102,122,111,98
1533,81,98,87,88,97,104,105,102,100,102,76
1534,97,84,94,99,108,101,75,94,93,88,100
1535,200,53,142,61,84,45,96,41,80,176,114
1536,194,45,170,80,93,55,104,33,84,153,109
1537,112,81,108,119,96,94,105,105,103,114,105
1538,209,48,141,73,75,54,80,34,89,187,147
1539,183,38,140,76,85,71,96,43,96,174,121
1540,190,39,130,63,86,62,93,40,75,190,123
1541,108,91,102,107,93,111,103,98,104,102,112
1542,211,67,165,63,88,56,85,39,95,181,132
1543,95,101,111,103,93,115,101,94,119,93,103
1544,102,93,76,85,92,106,106,102,103,98,116
1545,96,91,96,88,94,105,108,97,114,83,111
1546,176,47,159,68,89,61,107,40,85,177,115
1547,185,50,161,67,83,61,114,36,91,167,123
1548,108,90,101,105,91,101,104,118,102,108,99
1549,96,95,111,99,104,96,98,112,107,109,91
1550,98,85,119,109,100,102,85,111,97,107,109
1551,184,48,138,89,88,55,104,31,93,168,108
1552,89,104,101,92,124,113,96,110,103,105,119
1553,88,99,102,92,90,101,80,100,101,87,126
1554,108,110,105,92,87,98,102,107,95,97,98
1555,100,102,96,104,115,101,96,84,104,100,111
1556,199,43,158,56,92,61,99,42,98,207,116
1557,108,98,97,111,103,83,117,105,105,85,110
1558,224,42,91,68,80,54,103,34,253,106,89
1559,193,50,166,62,70,63,95,36,90,166,118
1560,87,87,99,73,84,104,101,93,98,93,92
1561,112,106,104,78,96,102,110,98,100,105,91
1562,96,93,114,92,105,108,99,84,92,104,104
1563,112,101,92,103,99,87,101,126,97,93,106
1564,202,68,134,57,104,69,111,46,97,189,126
1565,102,104,89,125,104,99,107,101,99,115,101
1566,196,43,151,86,82,66,84,34,92,206,141
1567,94,102,111,110,73,96,102,104,104,103,106
1568,91,99,109,91,97,82,83,97,100,106,90
1569,96,93,97,112,98,116,101,96,99,97,109
1570,187,53,151,68,83,63,88,38,96,194,107
1571,188,47,156,73,99,50,125,41,88,188,137
1572,96,106,109,95,87,88,108,112,87,118,95
1573,109,114,102,100,100,102,109,103,91,103,110
1574,102,92,105,117,86,97,85,109,99,102,106
1575,102,104,100,92,98,96,100,69,118,99,98
1576,197,50,149,70,78,47,110,47,91,189,130
1577,107,93,90,95,119,108,114,117,107,87,105
1578,111,105,93,92,88,104,91,90,96,94,81
1579,197,50,146,61,78,60,98,34,78,188,118
1580,202,41,169,85,80,49,97,38,97,193,115
1581,174,49,140,67,91,62,87,46,97,177,113
1582,90,90,123,98,105,112,111,109,100,108,99
1583,100,88,98,112,110,115,93,85,89,87,107
1584,104,97,98,107,81,101,97,96,109,104,98
1585,92,121,96,96,109,110,93,96,108,102,103
1586,194,49,162,61,85,66,86,55,104,178,112
1587,200,43,151,82,107,58,93,41,83,175,121
1588,93,97,118,105,102,97,94,98,115,103,103
1589,183,49,151,77,90,54,102,31,82,202,123
1590,228,47,135,74,95,64,116,40,81,152,131
1591,94,92,89,111,102,105,94,98,102,92,104
1592,97,101,100,99,95,109,87,92,96,98,89
1593,219,52,125,70,105,57,122,35,278,103,99
1594,196,50,134,64,67,51,87,45,82,168,137
1595,181,45,143,64,89,51,93,39,81,185,124
1596,216,51,148,71,91,58,101,36,86,187,115
1597,105,99,110,101,93,124,100,116,95,108,107
1598,197,50,132,70,100,50,103,30,91,209,148
1599,214,50,144,72,97,74,89,42,77,171,119
1600,192,58,162,72,82,49,118,48,85,185,136
1601,163,59,139,68,82,58,75,36,80,167,120
1602,218,57,145,77,86,63,100,47,75,174,131
1603,70,85,100,113,76,100,92,94,114,98,108
1604,195,55,150,71,90,68,98,37,108,177,121
1605,108,82,79,111,81,81,101,80,95,116,101
1606,97,97,96,124,99,115,100,84,78,96,101
1607,218,57,148,66,98,48,89,34,89,179,121
1608,97,89,107,91,104,114,113,91,83,91,97
1609,99,110,83,83,76,118,99,99,106,83,98
1610,202,52,150,70,84,48,88,40,88,199,101
1611,214,47,154,73,108,63,110,40,70,182,111
1612,199,45,157,48,92,65,99,47,103,209,118
1613,97,116,91,97,85,98,103,97,92,101,118
1614,109,89,99,98,109,87,107,98,113,96,101
1615,102,97,96,102,95,98,107,92,110,123,116
1616,92,96,79,83,116,87,105,103,111,83,96
1617,111,105,112,104,94,92,122,96,92,107,101
1618,115,107,104,100,94,109,77,81,97,82,110
1619,210,38,160,76,96,77,105,52,78,177,117
1620,183,58,162,65,109,70,99,38,102,173,113
1621,83,122,103,100,102,93,103,104,106,91,109
1622,106,115,108,80,106,96,98,102,101,100,109
1623,92,118,90,94,96,97,101,111,95,91,111
1624,106,98,93,100,96,111,93,95,102,105,94
1625,89,118,106,86,93,90,112,110,94,93,106
1626,106,98,104,79,106,82,95,101,104,100,101
1627,82,93,118,97,104,100,101,99,104,102,99
1628,79,97,92,87,100,107,106,98,84,109,82
1629,219,47,138,67,100,49,77,37,101,195,128
1630,173,51,154,84,89,58,93,32,91,204,114
1631,187,52,144,76,95,50,95,32,123,173,122
1632,101,88,100,101,98,109,92,107,105,88,112
1633,200,47,161,78,92,57,99,43,77,176,117
1634,200,38,138,69,87,52,109,40,91,187,117
1635,179,35,164,75,92,55,97,44,83,181,123
1636,202,54,152,66,100,57,116,38,97,181,123
1637,180,59,143,74,98,58,115,51,73,155,128
1638,102,97,108,110,87,100,108,115,102,109,95
1639,181,54,160,77,92,64,82,46,82,210,125
1640,103,115,97,99,100,93,109,103,106,88,98
1641,93,114,85,94,96,110,92,115,99,100,88
1642,213,38,146,66,110,62,119,53,86,199,100
1643,189,43,165,76,84,50,109,44,101,194,106
1644,194,46,145,64,87,56,107,33,94,177,128
1645,200,42,122,71,87,82,86,45,87,181,126
1646,105,94,105,89,89,119,104,94,110,96,98
1647,102,81,102,112,104,98,100,118,109,102,96
1648,211,45,151,77,104,80,71,37,90,178,111
1649,190,56,175,71,84,70,98,32,102,177,121
1650,93,103,111,110,116,81,107,102,111,113,88
1651,109,116,98,105,80,105,102,122,119,101,109
1652,105,93,93,103,106,83,91,101,107,92,110
1653,93,103,109,93,103,78,117,89,110,110,89
1654,102,105,110,113,109,95,113,87,102,94,112
1655,116,90,102,78,103,109,97,105,86,95,106
1656,228,50,107,69,90,48,116,41,243,115,83
1657,74,106,86,84,102,109,100,104,108,100,94
1658,206,42,162,54,80,55,98,52,72,186,113
1659,210,45,128,73,70,57,102,41,81,184,119
1660,94,101,118,95,91,101,98,101,103,125,119
1661,190,49,157,69,91,64,108,43,100,191,112
1662,90,115,100,115,100,103,121,94,102,97,88
1663,100,95,100,95,99,111,97,90,94,110,81
1664,102,91,93,91,106,78,122,79,106,97,90
1665,88,109,95,102,103,104,88,103,90,93,94
1666,100,73,92,88,100,105,108,94,109,92,90
1667,105,106,86,103,108,105,101,108,90,93,95
1668,95,108,98,102,112,94,103,112,115,100,94
1669,199,44,161,74,104,52,98,57,104,157,120
1670,99,102,96,91,94,104,100,92,106,101,85
1671,190,53,159,68,90,53,107,55,110,197,113
1672,90,87,99,107,105,111,103,97,112,101,85
1673,112,93,100,95,84,100,114,92,109,103,89
1674,180,38,142,74,103,48,103,40,84,184,111
1675,176,52,137,66,91,55,85,31,94,169,93
1676,109,84,97,80,105,113,108,100,93,102,98
1677,99,87,99,94,100,96,101,81,91,105,93
1678,96,90,98,108,94,106,86,125,106,95,107
1679,110,83,99,99,101,96,87,98,104,75,106
1680,208,44,163,65,100,44,96,30,78,177,126
1681,214,44,117,71,77,51,92,53,236,111,106
1682,101,110,89,105,85,104,98,88,112,99,97
1683,165,49,132,76,93,61,85,41,81,181,117
1684,184,51,150,67,82,64,99,39,82,183,119
1685,100,96,90,86,111,108,92,102,97,108,90
1686,202,40,151,63,83,66,86,32,83,165,121
1687,191,56,152,65,98,50,96,29,78,200,106
1688,215,50,145,71,92,51,103,44,87,171,115
1689,102,93,88,109,103,83,120,103,107,120,90
1690,102,95,105,85,96,113,82,91,100,99,86
1691,101,100,104,90,99,91,92,104,109,106,110
1692,118,91,93,97,85,87,112,110,96,113,103
1693,223,41,164,75,95,71,97,59,81,172,126
1694,117,99,90,103,96,93,123,92,89,119,107
1695,108,112,96,99,102,103,96,107,91,109,101
1696,103,102,115,98,100,93,100,99,91,96,88
1697,105,100,85,84,102,87,105,111,110,99,107
1698,192,43,172,84,86,64,101,48,108,155,117
1699,110,100,92,98,101,105,100,97,97,91,98
1700,95,96,102,120,101,104,95,99,113,89,101
1701,85,100,90,116,102,110,90,97,107,95,110
1702,100,110,107,94,114,103,99,91,81,127,110
1703,184,57,142,76,86,51,101,41,75,168,107
1704,91,95,84,83,103,91,120,84,287,62,68
1705,87,105,94,102,100,105,116,103,104,101,99
1706,202,44,121,72,89,62,120,47,66,193,116
1707,210,42,173,68,98,67,111,41,70,158,105
1708,188,48,150,71,76,60,106,32,95,155,116
1709,112,94,94,104,95,107,107,103,104,81,110
1710,111,113,94,103,104,99,98,111,108,104,106
1711,185,46,137,73,92,69,90,43,89,169,120
1712,205,45,146,81,85,58,113,42,79,181,128
1713,213,54,130,60,102,60,81,40,89,197,127
1714,201,39,155,60,92,61,99,32,102,195,112
1715,75,96,89,101,97,96,102,100,109,101,108
1716,90,103,123,109,97,102,99,91,101,93,92
1717,98,104,108,97,115,87,87,91,85,85,112
1718,202,58,160,59,88,63,102,45,80,182,109
1719,194,57,140,60,95,67,96,42,85,173,120
1720,208,55,112,63,89,69,109,43,80,186,103
